"Timestamp","Name","Message"
"2025/11/19 3:38:10 PM GMT+2","Martin","Wow, love this website"
"2025/11/19 3:58:45 PM GMT+2","Fede","Well, the content is nice, but the graphics ughhh, I dont know. It could be bettetr"
"2025/11/20 7:49:14 PM GMT+2","Krosis Irkbaan","god damn. "
"2025/11/20 10:48:55 PM GMT+2","Just passing thru","Smelling the flowers, twirling the bandmembers"
"2025/11/24 1:07:42 AM GMT+2","walnusskern","very coool!"
"2025/11/30 5:18:40 PM GMT+2","cheeky little princess","ok fine you can come in"
"2025/12/21 6:31:18 PM GMT+2","Mikey","Mysteriously fun."
"2026/01/07 3:19:41 PM GMT+2","Andrew Higgins","Cool music. Keep the faith. Success will follow..."
"2026/01/12 3:52:07 AM GMT+2","Muy chingona la página","Luis"
"2026/02/21 8:09:02 AM GMT+2","Ronnie","friggin fuck yea man spins"
"2026/02/24 3:14:10 PM GMT+2","pitty","realy funny"
"2026/03/13 12:10:59 AM GMT+2","Jules","Unmatched"
"2026/04/03 8:42:20 AM GMT+2","Henri Kim","this site is crazy"
"2026/04/25 5:27:07 PM GMT+3","Alex","Check out Washer Dryer!"
"2026/05/31 6:16:33 PM GMT+3","johann sebastian raf","what an absolute wonder peace of art"